master<->,2014/06/21-05:06:29
master<->,2014/06/28-05:54:50
master<->,2014/07/06-03:42:00
master<->,2014/07/06-03:44:23
master<->,2014/07/07-04:02:30
master<->,2014/07/07-04:03:44
master<->,2014/07/07-04:19:35
master<->,2014/07/07-11:21:00
master<->,2014/07/07-11:21:35
master<->,2014/07/07-11:22:15
master<->,2014/07/07-11:24:19
master<->,2014/07/27-03:21:15
master<->,2014/07/27-03:23:31
master<->,2014/07/27-03:26:57
master<->,2014/07/30-10:47:31
master<->,2014/07/30-10:48:03
master<->,2014/07/30-10:55:55
master<->,2014/08/02-11:56:51
master<->,2014/08/02-12:17:16
master<->,2014/08/02-12:17:39
master<->,2014/08/02-12:30:46
master<->,2014/08/03-12:13:22
master<->,2014/08/03-12:17:23
master<->,2014/08/03-12:25:20
master<->,2014/08/03-12:26:25
master<->,2014/08/03-12:30:56
master<->,2014/08/17-03:41:00
master<->,2014/08/17-04:39:44
master<->,2014/08/17-04:42:55
master<->,2014/08/17-04:45:03
master<->,2014/08/30-03:01:05
master<->,2014/08/30-03:45:24
master<->,2014/08/30-03:46:06
master<->,2014/08/30-03:50:27
master<->,2014/08/31-04:03:20
master<->,2014/09/07-07:39:59
master<->,2014/09/20-02:23:56
master<->,2014/09/20-03:20:29
master<->,2014/09/20-05:08:17
master<->,2014/09/20-05:09:37
master<->,2014/09/20-05:43:42
master<->,2014/09/21-01:19:06
master<->,2014/09/28-12:09:59
master<->,2014/09/28-12:28:23
master<->,2014/09/28-12:29:36
master<->,2014/09/28-12:44:27
master<->,2014/09/28-12:54:59
master<->,2014/09/28-12:55:19
master<->,2014/09/28-01:27:15
master<->,2014/09/28-01:52:03
master<->,2014/09/28-02:34:12
master<->,2014/09/28-02:37:42
master<->,2014/09/28-02:37:55
master<->,2014/09/28-02:51:33
master<->,2014/09/28-03:55:40
master<->,2014/09/28-04:00:20
master<->,2014/09/28-04:09:18
master<->,2014/09/28-04:11:34
master<->,2014/09/28-04:49:05
master<->,2014/09/30-10:40:12
master<->,2014/10/01-12:17:40
master<->,2014/10/01-07:29:10
master<->,2014/10/01-07:30:07
master<->,2014/10/01-08:19:43
master<->,2014/10/01-08:20:51
master<->,2014/10/04-02:18:03
master<->,2014/10/19-05:29:18
master<->,2014/10/19-11:18:03
master<->,2014/10/19-11:19:43
master<->,2014/10/19-11:27:16
master<->,2014/10/19-11:28:05
master<->,2014/10/19-11:33:04
master<->,2014/10/19-11:35:11
master<->,2014/10/25-02:21:32
master<->,2014/10/25-03:17:35
master<->,2014/10/25-03:23:42
master<->,2014/11/16-05:45:55
master<->,2014/11/23-03:02:05
master<->,2014/11/29-05:32:15
master<->,2014/11/29-05:36:05
master<->,2014/11/30-03:54:27
master<->,2014/11/30-03:56:58
master<->,2014/12/14-03:10:38
master<->,2014/12/14-03:12:32
master<->,2014/12/14-03:21:50
master<->,2014/12/14-03:22:34
master<->,2014/12/14-03:45:43
master<->,2014/12/14-03:53:11
master<->,2014/12/16-07:23:20
master<->,2014/12/19-04:37:06
master<->,2014/12/20-04:51:55
master<->,2014/12/20-04:52:32
master<->,2014/12/20-05:22:13
master<->,2014/12/20-05:23:01
master<->,2014/12/20-05:29:22
master<->,2014/12/20-05:50:48
master<->,2014/12/20-08:59:22
master<->,2014/12/20-09:01:13
master<->,2014/12/20-09:10:21
master<->,2014/12/21-04:46:33
master<->,2014/12/21-05:30:56
master<->,2014/12/30-06:16:17
master<->,2014/12/30-06:21:24
master<->,2014/12/30-06:42:48
master<->,2014/12/30-06:44:15
master<->,2014/12/31-01:13:41
master<->,2014/12/31-01:15:05
master<->,2014/12/31-01:16:01
master<->,2014/12/31-01:18:02
master<->,2014/12/31-01:21:19
master<->,2014/12/31-01:21:54
master<->,2014/12/31-03:46:03
master<->,2014/12/31-03:55:53
master<->,2014/12/31-06:05:30
master<->,2014/12/31-06:06:05
master<->,2014/12/31-06:07:57
master<->,2014/12/31-06:08:46
master<->,2014/12/31-11:29:44
master<->,2014/12/31-11:30:39
master<->,2014/12/31-11:31:03
master<->,2014/12/31-11:31:58
master<->,2014/12/31-11:57:47
master<->,2015/01/01-01:32:31
master<->,2015/01/01-01:41:12
master<->,2015/01/01-02:22:58
master<->,2015/01/01-02:41:16
master<->,2015/01/03-03:34:29
master<->,2015/01/03-04:19:30
master<->,2015/01/03-04:47:23
master<->,2015/01/03-06:52:47
master<->,2015/01/03-07:11:30
master<->,2015/01/03-07:11:59
master<->,2015/01/04-11:37:06
master<->,2015/01/04-11:40:32
master<->,2015/01/04-11:54:56
master<->,2015/01/04-05:03:43
master<->,2015/01/04-05:05:06
master<->,2015/01/04-06:34:26
master<->,2015/01/04-06:35:43
master<->,2015/01/08-11:07:30
master<->,2015/01/10-02:01:56
master<->,2015/01/10-02:11:19
master<->,2015/01/10-04:01:31
master<->,2015/01/10-04:13:25
master<->,2015/01/10-04:37:08
master<->,2015/01/10-04:56:29
master<->,2015/01/10-05:22:54
master<->,2015/01/10-05:23:35
master<->,2015/01/10-06:18:42
master<->,2015/01/10-06:19:11
master<->,2015/01/13-10:33:09
master<->,2015/01/17-03:34:20
master<->,2015/01/17-03:35:30
master<->,2015/01/17-03:38:10
master<->,2015/01/17-03:48:08
master<->,2015/01/17-04:12:45
master<->,2015/01/17-04:13:33
master<->,2015/01/17-04:24:23
master<->,2015/01/17-05:44:54
master<->,2015/01/18-03:32:11
master<->,2015/01/18-05:31:40
master<->,2015/01/18-05:57:43
master<->,2015/01/18-06:03:02
master<->,2015/01/18-06:04:44
master<->,2015/01/18-06:11:47
master<->,2015/01/18-06:49:55
master<->,2015/01/18-06:57:01
master<->,2015/01/18-06:58:27
master<->,2015/01/24-05:16:47
master<->,2015/01/24-06:30:04
master<->,2015/01/25-04:58:55
master<->,2015/01/25-05:01:02
master<->,2015/01/25-05:10:15
master<->,2015/01/25-05:33:48
master<->,2015/01/25-05:34:45
master<->,2015/01/25-06:03:13
master<->,2015/02/01-02:52:38
master<->,2015/02/01-04:52:55
master<->,2015/02/01-05:21:35
master<->,2015/02/01-05:54:29
master<->,2015/02/01-05:57:24
master<->,2015/02/01-06:24:49
master<->,2015/02/07-04:21:09
master<->,2015/02/08-02:04:47
master<->,2015/02/08-04:40:27
master<->,2015/02/08-04:41:45
master<->,2015/02/08-04:44:27
master<->,2015/02/08-04:49:57
master<->,2015/02/08-05:10:25
master<->,2015/02/08-05:11:27
master<->,2015/02/09-08:13:28
master<->,2015/02/28-05:25:09
master<->,2015/02/28-05:51:29
master<->,2015/03/01-03:09:56
master<->,2015/03/01-03:23:54
master<->,2015/03/01-03:27:19
master<->,2015/03/01-03:33:44
master<->,2015/03/01-04:42:46
master<->,2015/03/01-04:55:50
master<->,2015/03/01-05:37:31
master<->,2015/03/07-12:32:15
master<->,2015/03/07-05:47:09
master<->,2015/03/07-06:28:11
master<->,2015/03/07-06:33:58
master<->,2015/03/07-06:35:38
master<->,2015/03/07-07:01:39
master<->,2015/03/07-07:08:40
master<->,2015/03/07-07:51:32
master<->,2015/03/08-12:14:00
master<->,2015/03/08-11:18:15
master<->,2015/03/09-10:02:57
master<->,2015/03/10-12:05:53
master<->,2015/03/10-11:21:22
master<->,2015/03/10-11:24:33
master<->,2015/03/10-11:36:27
master<->,2015/03/22-04:13:15
master<->,2015/03/22-04:15:55
master<->,2015/03/29-03:50:48
master<->,2015/03/29-03:58:18
master<->,2015/03/29-04:14:21
master<->,2015/03/29-04:31:35
master<->,2015/03/29-04:37:46
master<->,2015/03/29-04:41:23
master<->,2015/03/29-04:50:00
master<->,2015/03/29-05:41:12
master<->,2015/04/12-04:58:45
master<->,2015/04/12-05:24:25
master<->,2015/04/12-05:40:12
master<->,2015/04/12-05:40:52
master<->,2015/04/12-05:49:43
master<->,2015/04/12-05:50:10
master<->,2015/04/18-11:35:30
master<->,2015/04/18-01:26:19
master<->,2015/04/18-01:45:46
master<->,2015/04/18-02:22:18
master<->,2015/04/18-02:22:45
master<->,2015/04/18-02:59:46
master<->,2015/04/18-03:00:24
master<->,2015/04/18-03:00:56
master<->,2015/04/18-03:03:57
master<->,2015/04/18-03:08:58
master<->,2015/04/18-04:14:13
master<->,2015/04/18-04:14:47
master<->,2015/04/18-04:17:26
master<->,2015/04/18-04:57:07
master<->,2015/04/18-08:33:24
master<->,2015/04/18-09:12:22
master<->,2015/04/18-09:24:02
master<->,2015/04/18-09:27:39
master<->,2015/04/19-02:16:11
master<->,2015/04/19-02:16:47
master<->,2015/04/19-02:20:34
master<->,2015/04/19-02:46:41
master<->,2015/04/19-03:00:41
master<->,2015/04/19-03:06:58
master<->,2015/04/19-04:07:36
master<->,2015/04/19-04:27:34
master<->,2015/04/20-11:00:10
master<->,2015/04/23-10:59:38
master<->,2015/04/23-11:06:55
master<->,2015/04/25-10:55:24
master<->,2015/04/25-11:13:26
master<->,2015/04/25-11:17:38
master<->,2015/04/25-11:34:37
master<->,2015/04/25-11:42:48
master<->,2015/04/26-12:34:25
master<->,2015/04/26-12:47:42
master<->,2015/04/26-03:55:11
master<->,2015/04/26-04:30:11
master<->,2015/04/29-10:20:53
master<->,2015/04/29-10:26:48
master<->,2015/04/29-10:45:21
master<->,2015/04/29-10:46:22
master<->,2015/04/29-10:53:06
master<->,2015/04/29-11:06:41
master<->,2015/04/29-11:07:01
master<->,2015/04/29-11:10:33
master<->,2015/04/29-11:11:07
master<->,2015/04/29-11:11:31
master<->,2015/04/29-11:13:36
master<->,2015/04/29-11:15:33
master<->,2015/04/29-11:19:18
master<->,2015/04/30-11:09:18
master<->,2015/04/30-11:09:53
master<->,2015/04/30-11:46:06
master<->,2015/04/30-11:46:40
master<->,2015/04/30-11:47:15
master<->,2015/04/30-11:48:15
master<->,2015/05/01-09:53:57
master<->,2015/05/01-09:57:09
master<->,2015/05/01-10:11:38
master<->,2015/05/01-10:16:48
master<->,2015/05/01-10:30:21
master<->,2015/05/01-11:21:34
master<->,2015/05/02-01:19:33
master<->,2015/05/02-01:43:50
master<->,2015/05/02-02:31:08
master<->,2015/05/02-02:32:21
master<->,2015/05/02-03:02:58
master<->,2015/05/02-03:26:45
master<->,2015/05/02-03:28:42
master<->,2015/05/02-04:56:05
master<->,2015/05/02-04:59:19
master<->,2015/05/02-05:03:19
master<->,2015/05/02-05:33:37
master<->,2015/05/02-05:35:19
master<->,2015/05/02-05:48:04
master<->,2015/05/02-08:54:08
master<->,2015/05/02-09:29:30
master<->,2015/05/02-10:22:15
master<->,2015/05/02-11:13:36
master<->,2015/05/02-11:14:44
master<->,2015/05/02-11:15:00
master<->,2015/05/02-11:22:24
master<->,2015/05/02-11:41:28
master<->,2015/05/03-12:08:52
master<->,2015/05/03-01:05:20
master<->,2015/05/03-10:23:47
master<->,2015/05/03-10:42:41
master<->,2015/05/03-10:47:51
master<->,2015/05/03-10:59:34
master<->,2015/05/08-10:26:58
master<->,2015/05/08-11:02:41
master<->,2015/05/08-11:03:02
master<->,2015/05/08-11:11:31
master<->,2015/05/08-11:11:59
master<->,2015/05/08-11:16:48
master<->,2015/05/08-11:22:33
master<->,2015/05/08-11:32:41
master<->,2015/05/09-12:02:44
master<->,2015/05/09-12:05:38
master<->,2015/05/09-12:10:13
master<->,2015/05/09-01:40:06
master<->,2015/05/09-01:43:53
master<->,2015/05/09-01:44:21
master<->,2015/05/09-02:04:41
master<->,2015/05/09-02:07:41
master<->,2015/05/09-02:20:58
master<->,2015/05/09-03:30:46
master<->,2015/05/09-03:31:20
master<->,2015/05/09-04:51:04
master<->,2015/05/09-04:52:37
master<->,2015/05/09-05:38:19
master<->,2015/05/16-12:46:51
master<->,2015/05/16-01:56:37
master<->,2015/05/16-01:57:34
master<->,2015/05/16-02:05:40
master<->,2015/05/16-02:20:04
master<->,2015/05/16-05:34:41
master<->,2015/05/17-12:06:44
master<->,2015/05/17-01:16:53
master<->,2015/05/17-04:51:43
master<->,2015/05/17-04:59:56
master<->,2015/05/17-05:11:53
master<->,2015/05/17-05:59:35
master<->,2015/05/19-10:27:09
master<->,2015/05/19-10:33:30
master<->,2015/05/19-10:34:36
master<->,2015/05/19-10:39:09
master<->,2015/05/19-11:02:30
master<->,2015/05/22-03:34:24
master<->,2015/05/23-12:53:51
master<->,2015/05/23-05:29:36
master<->,2015/05/24-03:09:46
master<->,2015/05/24-03:12:58
master<->,2015/05/24-03:23:41
master<->,2015/05/24-03:24:18
master<->,2015/05/24-03:53:51
master<->,2015/05/30-02:15:59
master<->,2015/05/30-03:06:10
master<->,2015/05/30-03:06:35
master<->,2015/05/30-03:21:42
master<->,2015/05/30-03:21:57
master<->,2015/05/30-04:00:33
master<->,2015/05/30-04:06:10
master<->,2015/05/30-04:07:34
master<->,2015/05/30-04:15:45
master<->,2015/05/30-05:00:42
master<->,2015/05/30-05:13:19
master<->,2015/05/30-05:47:13
master<->,2015/06/01-09:28:32
master<->,2015/06/01-09:41:49
master<->,2015/06/01-11:15:18
master<->,2015/06/01-11:19:15
master<->,2015/06/06-01:23:52
master<->,2015/06/06-02:33:02
master<->,2015/06/06-02:37:46
master<->,2015/06/06-05:03:37
master<->,2015/06/06-05:19:36
master<->,2015/06/06-05:41:38
master<->,2015/06/06-05:42:03
master<->,2015/06/07-09:38:28
master<->,2015/06/07-09:39:02
master<->,2015/06/07-09:40:03
master<->,2015/06/07-09:40:49
master<->,2015/06/07-09:41:08
master<->,2015/06/07-09:41:20
master<->,2015/06/07-10:06:20
master<->,2015/06/07-10:14:27
master<->,2015/06/07-10:23:18
master<->,2015/06/07-10:23:42
master<->,2015/06/13-06:24:20
master<->,2015/06/13-06:26:20
master<->,2015/06/13-06:28:37
master<->,2015/06/14-12:37:08
master<->,2015/06/14-12:37:56
master<->,2015/06/14-12:41:18
master<->,2015/06/14-12:42:01
master<->,2015/06/14-12:43:53
master<->,2015/06/14-12:48:25
master<->,2015/06/14-01:31:10
master<->,2015/06/14-05:02:18
master<->,2015/06/21-04:07:11
master<->,2015/06/28-03:00:45
master<->,2015/06/29-10:28:09
master<->,2015/06/29-11:08:05
master<->,2015/07/06-03:18:42
master<->,2015/07/06-03:19:46
master<->,2015/07/06-03:20:43
master<->,2015/07/06-03:23:47
master<->,2015/08/01-01:35:43
master<->,2015/08/01-01:41:48
master<->,2015/08/01-01:55:22
master<->,2015/08/01-02:51:20
master<->,2015/08/01-04:38:24
master<->,2015/08/01-04:39:25
master<->,2015/08/01-05:11:24
master<->,2015/08/01-05:11:52
master<->,2015/08/01-05:35:37
master<->,2015/08/02-01:55:25
master<->,2015/08/02-02:48:40
master<->,2015/08/02-03:00:56
master<->,2015/08/08-11:31:57
master<->,2015/08/08-03:40:01
master<->,2015/08/08-03:51:13
master<->,2015/08/08-03:52:36
master<->,2015/08/08-03:57:35
master<->,2015/08/08-04:09:48
master<->,2015/08/15-03:41:04
master<->,2015/08/15-05:03:49
master<->,2015/08/15-05:06:19
master<->,2015/08/15-05:16:08
master<->,2015/08/15-05:17:08
master<->,2015/08/15-05:46:10
master<->,2015/08/15-05:46:48
master<->,2015/08/15-06:01:17
master<->,2015/08/15-06:01:39
master<->,2015/08/15-09:28:43
master<->,2015/08/16-01:04:36
master<->,2015/08/16-01:10:18
master<->,2015/08/16-02:59:48
master<->,2015/08/16-03:04:46
master<->,2015/08/16-03:30:47
master<->,2015/08/29-05:24:03
master<->,2015/08/29-05:39:59
master<->,2015/08/30-10:57:06
master<->,2015/08/30-05:57:22
master<->,2015/09/02-08:38:32
master<->,2015/09/02-10:53:14
master<->,2015/09/04-12:33:22
master<->,2015/09/04-03:00:06
master<->,2015/09/04-03:37:57
master<->,2015/09/04-03:40:49
master<->,2015/09/04-04:43:14
master<->,2015/09/04-04:51:02
master<->,2015/09/04-04:52:29
master<->,2015/09/04-05:05:07
master<->,2015/09/04-05:07:45
master<->,2015/09/04-05:12:17
master<->,2015/09/04-05:29:32
master<->,2015/09/05-10:54:44
master<->,2015/09/05-11:06:32
master<->,2015/09/05-11:13:25
master<->,2015/09/05-01:01:34
master<->,2015/09/05-01:19:39
master<->,2015/09/05-01:24:59
master<->,2015/09/05-01:37:00
master<->,2015/09/05-01:39:42
master<->,2015/09/05-02:43:29
master<->,2015/09/05-08:39:49
master<->,2015/09/05-11:04:04
master<->,2015/09/06-01:30:23
master<->,2015/09/06-02:55:25
master<->,2015/09/06-03:04:09
master<->,2015/09/06-04:07:13
master<->,2015/09/06-04:12:09
master<->,2015/09/06-04:36:55
master<->,2015/09/07-11:16:28
master<->,2015/09/07-12:00:48
master<->,2015/09/07-02:22:59
master<->,2015/09/07-04:24:36
master<->,2015/09/07-10:39:01
master<->,2015/09/07-10:44:43
master<->,2015/09/07-11:34:18
master<->,2015/09/07-11:40:30
master<->,2015/09/07-11:40:53
master<->,2015/09/08-11:33:02
master<->,2015/09/08-11:48:18
master<->,2015/09/09-11:53:12
master<->,2015/09/10-12:01:16
master<->,2015/09/11-05:03:25
master<->,2015/09/11-05:24:29
master<->,2015/09/11-05:34:50
master<->,2015/09/11-07:27:24
master<->,2015/09/11-07:34:18
master<->,2015/09/11-07:48:27
master<->,2015/09/11-08:20:13
master<->,2015/09/11-08:24:45
master<->,2015/09/11-08:29:28
master<->,2015/09/13-11:18:08
master<->,2015/09/13-11:57:29
master<->,2015/09/13-11:58:26
master<->,2015/09/13-11:59:08
master<->,2015/09/13-01:38:33
master<->,2015/09/13-01:49:03
master<->,2015/09/13-02:13:06
master<->,2015/09/13-03:28:50
master<->,2015/09/13-03:48:47
master<->,2015/09/13-03:56:22
master<->,2015/09/13-03:58:58
master<->,2015/09/13-04:14:23
master<->,2015/09/13-05:26:11
master<->,2015/09/13-05:26:47
master<->,2015/09/13-05:57:46
master<->,2015/09/13-08:00:27
master<->,2015/09/19-01:11:09
master<->,2015/09/19-01:29:05
master<->,2015/09/19-01:34:43
master<->,2015/09/19-04:23:33
master<->,2015/09/19-04:40:38
master<->,2015/09/19-04:52:41
master<->,2015/09/19-05:36:09
master<->,2015/09/19-05:37:42
master<->,2015/09/19-08:48:07
master<->,2015/09/19-09:05:57
master<->,2015/09/19-11:51:13
master<->,2015/09/19-11:56:08
master<->,2015/09/20-11:00:39
master<->,2015/09/20-01:54:59
master<->,2015/09/20-02:00:24
master<->,2015/09/20-02:23:32
master<->,2015/09/20-02:27:17
master<->,2015/09/20-08:20:49
master<->,2015/09/20-09:01:07
master<->,2015/09/24-09:44:26
master<->,2015/09/24-09:54:14
master<->,2015/09/26-12:00:06
master<->,2015/09/26-12:20:37
master<->,2015/09/26-01:23:12
master<->,2015/09/26-01:43:23
master<->,2015/09/26-02:10:50
master<->,2015/09/26-02:45:16
master<->,2015/09/26-04:06:14
master<->,2015/09/27-11:28:26
master<->,2015/09/27-11:42:54
master<->,2015/09/27-05:15:03
master<->,2015/09/27-05:43:06
master<->,2015/09/27-06:10:39
master<->,2015/10/03-12:46:21
master<->,2015/10/03-01:50:24
master<->,2015/10/03-02:53:35
master<->,2015/10/03-03:04:47
master<->,2015/10/03-03:10:37
master<->,2015/10/03-03:19:16
master<->,2015/10/03-03:24:54
master<->,2015/10/09-10:42:33
master<->,2015/10/09-11:45:36
master<->,2015/10/10-04:30:43
master<->,2015/10/10-04:31:12
master<->,2015/10/10-10:44:35
master<->,2015/10/14-11:07:36
master<->,2015/10/18-02:06:56
master<->,2015/10/18-02:07:48
master<->,2015/10/18-02:45:45
master<->,2015/10/18-04:06:52
master<->,2015/10/18-05:41:23
master<->,2015/10/18-05:49:48
master<->,2015/10/18-10:54:25
master<->,2015/10/24-03:32:35
master<->,2015/10/24-03:43:40
master<->,2015/10/24-03:47:31
master<->,2015/10/24-04:09:24
master<->,2015/10/24-04:15:51
master<->,2015/10/24-05:21:10
master<->,2015/10/24-05:29:07
master<->,2015/10/24-05:31:06
master<->,2015/10/25-01:03:25
master<->,2015/10/25-01:21:25
master<->,2015/10/25-01:22:06
master<->,2015/10/25-02:51:26
master<->,2015/10/25-04:39:07
master<->,2015/10/25-04:39:26
master<->,2015/10/25-05:02:50
master<->,2015/10/25-05:15:36
master<->,2015/10/25-05:20:38
master<->,2015/10/31-04:32:05
master<->,2015/11/01-05:03:35
master<->,2015/11/07-03:17:22
master<->,2015/11/07-03:25:52
master<->,2015/11/08-02:22:41
master<->,2015/11/08-04:43:31
master<->,2015/11/08-05:00:21
master<->,2015/11/08-05:22:41
master<->,2015/11/08-05:39:49
master<->,2015/11/08-06:22:54
master<->,2015/11/08-06:26:07
master<->,2015/11/14-03:03:14
master<->,2015/11/14-03:03:58
master<->,2015/11/14-03:05:55
master<->,2015/11/14-03:10:01
master<->,2015/11/14-04:01:46
master<->,2015/11/14-04:34:12
master<->,2015/11/14-04:36:20
master<->,2015/11/15-03:46:27
master<->,2015/11/15-04:03:06
master<->,2015/11/15-06:30:33
master<->,2015/11/15-07:02:01
master<->,2015/11/15-08:57:37
master<->,2015/11/20-01:14:49
master<->,2015/11/20-01:16:22
master<->,2015/11/20-01:26:43
master<->,2015/11/20-01:37:20
master<->,2015/11/20-01:43:40
master<->,2015/11/20-01:46:35
master<->,2015/11/20-01:49:32
master<->,2015/11/20-04:43:33
master<->,2015/11/20-04:43:54
master<->,2015/11/20-04:50:15
master<->,2015/11/20-05:17:32
master<->,2015/11/20-05:49:53
master<->,2015/11/22-01:34:26
master<->,2015/11/22-01:35:59
master<->,2015/11/22-03:08:47
master<->,2015/11/22-04:26:39
master<->,2015/11/22-04:42:05
master<->,2015/11/22-04:44:30
master<->,2015/11/22-06:37:48
master<->,2015/11/23-11:45:14
master<->,2015/11/23-11:46:32
master<->,2015/11/23-11:49:48
master<->,2015/11/24-11:47:12
master<->,2015/11/24-11:53:43
master<->,2015/11/24-11:54:15
master<->,2015/11/24-11:57:35
master<->,2015/11/24-01:22:34
master<->,2015/11/24-01:45:52
master<->,2015/11/24-01:51:39
master<->,2015/11/24-04:10:37
master<->,2015/11/24-04:37:46
master<->,2015/11/24-10:59:52
master<->,2015/11/24-11:00:42
master<->,2015/11/24-11:41:46
master<->,2015/11/25-12:12:03
master<->,2015/11/25-02:11:22
master<->,2015/11/25-03:26:09
master<->,2015/11/25-05:01:09
master<->,2015/11/25-06:40:07
master<->,2015/11/25-11:10:46
master<->,2015/11/25-11:22:07
master<->,2015/11/25-11:29:51
master<->,2015/11/25-11:37:50
master<->,2015/11/25-11:48:59
master<->,2015/11/28-04:11:09
master<->,2015/11/28-05:09:55
master<->,2015/11/28-05:11:19
master<->,2015/11/28-05:26:52
master<->,2015/12/13-06:27:29
master<->,2015/12/13-06:32:14
master<->,2015/12/13-06:34:45
master<->,2015/12/13-06:39:21
master<->,2015/12/13-11:46:16
master<->,2015/12/15-06:42:38
master<->,2015/12/15-06:44:17
master<->,2015/12/16-09:29:49
master<->,2015/12/16-09:33:41
master<->,2015/12/20-01:57:05
master<->,2015/12/20-03:25:04
master<->,2015/12/20-03:31:37
master<->,2015/12/20-04:06:27
master<->,2015/12/20-04:06:40
master<->,2015/12/20-04:51:49
master<->,2015/12/21-08:31:30
master<->,2015/12/21-08:43:22
master<->,2015/12/21-08:48:03
master<->,2015/12/21-08:50:30
master<->,2015/12/21-09:10:41
master<->,2015/12/22-02:38:33
master<->,2015/12/22-02:57:08
master<->,2015/12/22-08:52:19
master<->,2015/12/22-09:26:19
master<->,2015/12/22-09:27:13
master<->,2015/12/22-09:30:57
master<->,2015/12/22-10:15:37
master<->,2015/12/22-11:01:47
master<->,2015/12/22-11:08:21
master<->,2015/12/22-11:22:03
master<->,2015/12/23-12:36:25
master<->,2015/12/23-12:46:05
master<->,2015/12/23-01:01:47
master<->,2015/12/23-01:23:00
master<->,2015/12/24-11:05:51
master<->,2015/12/24-12:02:56
master<->,2015/12/26-12:31:44
master<->,2015/12/26-04:36:16
master<->,2015/12/26-05:16:28
master<->,2015/12/26-10:46:43
master<->,2015/12/26-10:47:00
master<->,2015/12/26-11:12:08
master<->,2015/12/27-03:13:00
master<->,2015/12/27-03:32:26
master<->,2015/12/27-03:35:08
master<->,2015/12/27-03:56:04
master<->,2015/12/27-03:58:58
master<->,2015/12/27-05:01:14
master<->,2015/12/28-12:17:27
master<->,2015/12/28-12:19:58
master<->,2015/12/28-12:23:09
master<->,2015/12/28-10:50:02
master<->,2015/12/28-04:12:31
master<->,2015/12/28-04:22:38
master<->,2015/12/28-04:26:59
master<->,2015/12/28-04:32:49
master<->,2015/12/28-06:43:19
master<->,2015/12/28-07:11:57
master<->,2015/12/28-10:34:18
master<->,2015/12/28-10:52:54
master<->,2015/12/28-10:53:08
master<->,2015/12/28-10:55:30
master<->,2015/12/28-11:02:54
master<->,2015/12/28-11:03:46
master<->,2015/12/28-11:04:26
master<->,2015/12/28-11:11:19
master<->,2015/12/28-11:12:11
master<->,2015/12/28-11:21:58
master<->,2015/12/28-11:26:16
master<->,2015/12/28-11:27:43
master<->,2015/12/28-11:29:21
master<->,2015/12/28-11:30:34
master<->,2015/12/28-11:32:37
master<->,2015/12/28-11:33:55
master<->,2015/12/28-11:35:02
master<->,2015/12/28-11:35:47
master<->,2015/12/28-11:37:06
master<->,2015/12/28-11:39:42
master<->,2015/12/28-11:48:06
master<->,2015/12/28-11:48:45
master<->,2015/12/29-11:13:10
master<->,2015/12/29-11:13:50
master<->,2015/12/29-11:14:54
master<->,2015/12/29-11:32:30
master<->,2015/12/29-12:30:22
master<->,2015/12/29-12:30:46
master<->,2015/12/29-12:30:55
master<->,2015/12/30-12:19:11
master<->,2015/12/30-12:19:23
master<->,2015/12/30-12:19:41
master<->,2015/12/30-12:19:56
master<->,2015/12/30-12:24:17
master<->,2015/12/30-12:33:39
master<->,2015/12/30-12:42:14
master<->,2015/12/30-12:43:07
master<->,2015/12/30-12:46:42
master<->,2015/12/30-12:53:32
master<->,2015/12/30-01:00:20
master<->,2015/12/30-01:23:26
master<->,2015/12/30-02:35:47
master<->,2015/12/30-03:13:52
master<->,2015/12/30-04:06:57
master<->,2015/12/30-04:10:52
master<->,2015/12/30-04:13:25
master<->,2015/12/30-04:33:37
master<->,2015/12/30-04:51:36
master<->,2015/12/30-06:12:00
master<->,2015/12/30-06:18:46
master<->,2015/12/30-06:22:17
master<->,2015/12/30-06:27:25
master<->,2015/12/30-06:44:44
master<->,2015/12/30-06:45:34
master<->,2015/12/30-06:46:40
master<->,2015/12/30-06:49:42
master<->,2015/12/30-07:46:26
master<->,2015/12/30-07:51:47
master<->,2015/12/30-07:58:52
master<->,2015/12/30-09:14:33
master<->,2015/12/30-11:37:30
master<->,2015/12/31-12:00:32
master<->,2015/12/31-12:36:59
master<->,2015/12/31-04:12:26
master<->,2015/12/31-04:30:27
master<->,2015/12/31-04:56:54
master<->,2015/12/31-06:16:08
master<->,2015/12/31-06:48:35
master<->,2015/12/31-07:24:55
master<->,2016/01/02-11:14:55
master<->,2016/01/02-11:21:06
master<->,2016/01/02-11:27:05
master<->,2016/01/02-11:34:50
master<->,2016/01/02-11:36:09
master<->,2016/01/02-11:37:51
master<->,2016/01/02-11:38:16
master<->,2016/01/02-11:40:30
master<->,2016/01/02-11:42:50
master<->,2016/01/02-11:54:26
master<->,2016/01/02-11:54:39
master<->,2016/01/02-12:09:08
master<->,2016/01/02-12:16:41
master<->,2016/01/02-12:28:12
master<->,2016/01/02-12:31:21
master<->,2016/01/02-12:35:43
master<->,2016/01/02-12:37:01
master<->,2016/01/02-12:38:34
master<->,2016/01/02-12:39:48
master<->,2016/01/02-12:42:52
master<->,2016/01/02-12:49:02
master<->,2016/01/02-12:51:24
master<->,2016/01/02-12:58:32
master<->,2016/01/02-01:05:03
master<->,2016/01/02-01:09:50
master<->,2016/01/02-03:09:28
master<->,2016/01/02-03:10:15
master<->,2016/01/02-03:11:22
master<->,2016/01/02-03:34:09
master<->,2016/01/02-03:39:49
master<->,2016/01/02-03:52:34
master<->,2016/01/02-04:18:45
master<->,2016/01/02-04:23:10
master<->,2016/01/02-04:26:15
master<->,2016/01/02-04:26:44
master<->,2016/01/02-04:33:42
master<->,2016/01/02-04:40:08
master<->,2016/01/02-04:41:21
master<->,2016/01/02-05:31:39
master<->,2016/01/02-05:40:40
master<->,2016/01/02-06:08:42
master<->,2016/01/02-06:10:44
master<->,2016/01/02-06:41:01
master<->,2016/01/02-06:45:44
master<->,2016/01/03-12:16:35
master<->,2016/01/03-01:24:18
master<->,2016/01/03-01:36:18
master<->,2016/01/03-01:52:57
master<->,2016/01/03-02:14:34
master<->,2016/01/03-10:45:02
master<->,2016/01/03-02:15:05
master<->,2016/01/03-02:15:28
master<->,2016/01/03-03:13:05
master<->,2016/01/03-03:52:56
master<->,2016/01/03-03:53:19
master<->,2016/01/03-03:53:57
master<->,2016/01/03-03:58:55
master<->,2016/01/03-04:03:27
master<->,2016/01/03-05:57:09
master<->,2016/01/03-05:58:21
master<->,2016/01/03-06:18:13
master<->,2016/01/03-06:18:29
master<->,2016/01/03-06:23:23
master<->,2016/01/04-12:33:48
master<->,2016/01/04-01:10:14
master<->,2016/01/04-01:18:53
master<->,2016/01/04-01:22:11
master<->,2016/01/07-01:13:57
master<->,2016/01/09-12:04:39
master<->,2016/01/09-02:37:33
master<->,2016/01/09-04:32:30
master<->,2016/01/09-04:53:12
master<->,2016/01/09-05:02:55
master<->,2016/01/09-05:04:48
master<->,2016/01/09-06:33:21
master<->,2016/01/10-05:20:24
master<->,2016/01/10-05:21:09
master<->,2016/01/10-05:26:51
master<->,2016/01/10-05:43:36
master<->,2016/01/10-06:39:07
master<->,2016/01/10-07:19:59
master<->,2016/01/10-11:38:32
master<->,2016/01/11-11:22:00
master<->,2016/01/16-12:04:46
master<->,2016/01/16-01:39:47
master<->,2016/01/16-01:51:04
master<->,2016/01/16-01:59:57
master<->,2016/01/17-01:32:29
master<->,2016/01/17-01:45:53
master<->,2016/01/17-01:50:41
master<->,2016/01/17-02:22:08
master<->,2016/01/17-02:31:36
master<->,2016/01/17-02:36:14
master<->,2016/01/17-02:39:40
master<->,2016/01/17-02:44:28
master<->,2016/01/23-06:05:29
master<->,2016/01/23-06:24:40
master<->,2016/01/23-06:43:17
master<->,2016/01/23-06:44:01
master<->,2016/01/23-06:48:54
master<->,2016/01/30-03:51:22
master<->,2016/01/30-04:32:03
master<->,2016/01/30-04:32:55
master<->,2016/01/30-11:47:45
master<->,2016/01/30-11:52:12
master<->,2016/01/31-01:15:16
master<->,2016/01/31-02:42:06
master<->,2016/01/31-03:14:18
master<->,2016/01/31-06:03:26
master<->,2016/01/31-06:11:04
master<->,2016/01/31-06:12:11
master<->,2016/01/31-06:12:48
master<->,2016/01/31-06:37:53
master<->,2016/01/31-06:40:42
master<->,2016/01/31-06:51:32
master<->,2016/01/31-06:59:52
master<->,2016/01/31-07:24:59
master<->,2016/01/31-09:15:19
master<->,2016/01/31-09:25:53
master<->,2016/01/31-09:26:28
master<->,2016/01/31-11:34:09
master<->,2016/01/31-11:41:42
master<->,2016/02/01-08:21:21
master<->,2016/02/01-08:28:05
master<->,2016/02/01-08:28:37
master<->,2016/02/01-08:33:31
master<->,2016/02/01-08:34:27
master<->,2016/02/06-03:00:08
master<->,2016/02/07-05:57:52
master<->,2016/02/07-06:03:01
master<->,2016/02/07-06:03:28
master<->,2016/02/07-06:07:24
master<->,2016/02/07-06:42:33
master<->,2016/02/07-06:54:34
master<->,2016/02/14-04:48:13
master<->,2016/02/14-04:54:28
master<->,2016/02/14-06:29:18
master<->,2016/02/14-06:34:31
master<->,2016/02/14-06:35:05
master<->,2016/02/14-06:38:54
master<->,2016/02/20-04:03:40
master<->,2016/02/21-03:48:27
master<->,2016/02/21-03:51:30
master<->,2016/02/21-04:21:41
master<->,2016/02/21-04:26:07
master<->,2016/02/21-04:26:35
master<->,2016/02/27-06:51:00
master<->,2016/02/27-07:01:16
master<->,2016/02/27-07:32:47
master<->,2016/02/27-07:33:45
master<->,2016/02/27-07:34:06
master<->,2016/02/27-07:58:04
master<->,2016/02/28-11:56:02
master<->,2016/02/28-02:23:37
master<->,2016/02/28-02:45:36
master<->,2016/02/28-03:16:06
master<->,2016/02/28-03:26:11
master<->,2016/02/28-03:34:34
master<->,2016/02/28-04:02:49
master<->,2016/02/28-04:04:52
master<->,2016/02/28-05:17:18
master<->,2016/02/28-05:17:50
master<->,2016/02/28-06:04:07
master<->,2016/02/28-06:27:21
master<->,2016/02/28-06:30:16
master<->,2016/02/28-06:48:30
master<->,2016/02/28-07:10:50
master<->,2016/02/28-07:11:07
master<->,2016/03/05-02:55:29
master<->,2016/03/05-03:06:21
master<->,2016/03/05-03:19:03
master<->,2016/03/05-03:28:14
master<->,2016/03/05-03:42:15
master<->,2016/03/05-03:44:59
master<->,2016/03/05-04:36:35
master<->,2016/03/05-04:37:00
master<->,2016/03/06-06:27:26
master<->,2016/03/06-06:54:50
master<->,2016/03/12-11:25:55
master<->,2016/03/12-11:26:42
master<->,2016/03/12-11:33:18
master<->,2016/03/12-12:08:51
master<->,2016/03/18-11:20:30
master<->,2016/03/19-10:29:03
master<->,2016/03/19-10:37:23
master<->,2016/03/19-10:37:52
master<->,2016/03/19-10:43:14
master<->,2016/03/19-02:49:29
master<->,2016/03/19-03:18:49
master<->,2016/03/19-03:39:30
master<->,2016/03/19-04:03:11
master<->,2016/03/19-04:04:06
master<->,2016/03/19-04:04:36
master<->,2016/03/19-04:08:20
master<->,2016/03/19-04:09:42
master<->,2016/03/19-04:19:03
master<->,2016/03/19-05:44:33
master<->,2016/03/19-05:51:56
master<->,2016/03/20-01:00:10
master<->,2016/03/20-01:00:59
master<->,2016/03/20-01:06:08
master<->,2016/03/20-01:44:51
master<->,2016/03/20-02:55:18
master<->,2016/03/20-02:57:56
master<->,2016/03/20-02:58:49
master<->,2016/03/26-11:25:29
master<->,2016/03/26-11:31:54
master<->,2016/03/26-01:41:33
master<->,2016/03/26-04:59:09
master<->,2016/03/26-05:53:58
master<->,2016/03/26-05:55:43
master<->,2016/03/26-05:56:40
master<->,2016/03/26-06:09:00
master<->,2016/03/27-10:58:05
master<->,2016/03/27-11:01:07
master<->,2016/03/27-11:25:30
master<->,2016/03/27-11:26:07
master<->,2016/03/27-11:26:42
master<->,2016/03/27-12:51:34
master<->,2016/03/27-12:52:14
master<->,2016/03/27-01:50:03
master<->,2016/03/27-02:52:55
master<->,2016/04/03-11:27:43
master<->,2016/04/08-09:45:59
master<->,2016/04/08-10:30:23
master<->,2016/04/09-12:55:29
master<->,2016/04/09-01:33:46
master<->,2016/04/09-01:45:39
master<->,2016/04/09-02:36:33
master<->,2016/04/09-02:38:08
master<->,2016/04/09-04:37:55
master<->,2016/04/09-04:56:54
master<->,2016/04/09-04:59:57
master<->,2016/04/09-05:20:37
master<->,2016/04/09-05:20:53
master<->,2016/04/09-05:21:05
master<->,2016/04/09-05:24:07
master<->,2016/04/09-05:24:17
master<->,2016/04/09-05:28:02
master<->,2016/04/09-05:28:27
master<->,2016/04/09-05:28:45
master<->,2016/04/09-05:28:51
master<->,2016/04/09-05:30:59
master<->,2016/04/09-05:35:29
master<->,2016/04/09-05:50:30
master<->,2016/04/09-05:52:30
master<->,2016/04/09-05:52:40
master<->,2016/04/09-05:56:38
master<->,2016/04/09-05:57:07
master<->,2016/04/10-10:45:28
master<->,2016/04/10-10:49:24
master<->,2016/04/10-10:52:38
master<->,2016/04/16-10:58:37
master<->,2016/04/17-03:48:18
master<->,2016/04/17-03:48:35
master<->,2016/04/17-05:16:45
master<->,2016/04/17-06:21:04
master<->,2016/04/17-06:21:24
master<->,2016/04/23-05:03:25
master<->,2016/04/24-02:42:26
master<->,2016/04/30-10:04:20
master<->,2016/05/01-03:42:11
master<->,2016/05/01-04:31:08
master<->,2016/05/07-05:22:38
master<->,2016/05/08-10:34:52
master<->,2016/05/12-08:23:59
master<->,2016/05/12-09:32:25
master<->,2016/05/15-02:18:46
master<->,2016/05/15-02:23:03
master<->,2016/05/15-03:01:39
master<->,2016/05/15-03:49:19
master<->,2016/05/15-04:26:40
master<->,2016/05/15-06:23:14
master<->,2016/05/15-10:02:11
master<->,2016/05/15-10:12:49
master<->,2016/05/15-10:19:12
master<->,2016/05/15-10:50:07
master<->,2016/05/21-02:47:41
master<->,2016/05/21-04:26:09
master<->,2016/05/21-04:50:44
master<->,2016/05/21-05:19:32
master<->,2016/05/21-05:20:15
master<->,2016/05/21-05:23:35
master<->,2016/05/21-06:17:18
master<->,2016/05/22-02:35:50
master<->,2016/05/22-04:49:12
master<->,2016/05/22-05:32:10
master<->,2016/05/22-06:00:54
master<->,2016/05/22-06:09:20
master<->,2016/05/22-08:33:49
master<->,2016/05/22-08:34:39
master<->,2016/05/23-10:51:53
master<->,2016/05/23-11:13:42
master<->,2016/05/23-11:50:57
master<->,2016/05/24-09:21:56
master<->,2016/05/24-10:25:37
master<->,2016/05/24-10:52:08
master<->,2016/05/28-10:59:03
master<->,2016/05/28-11:26:57
master<->,2016/05/28-02:25:28
master<->,2016/05/28-02:31:35
master<->,2016/05/30-08:44:37
master<->,2016/05/30-09:33:33
master<->,2016/05/30-09:39:07
master<->,2016/05/30-09:48:50
master<->,2016/05/30-10:47:52
master<->,2016/05/30-11:12:26
master<->,2016/06/06-07:34:45
master<->,2016/06/12-11:22:56
master<->,2016/06/12-04:23:15
master<->,2016/06/12-04:26:47
master<->,2016/06/12-04:35:45
master<->,2016/06/12-04:46:07
master<->,2016/06/12-05:15:05
master<->,2016/06/13-10:31:03
master<->,2016/06/13-10:31:31
master<->,2016/06/13-10:35:32
master<->,2016/06/18-12:32:38
master<->,2016/06/25-01:21:14
master<->,2016/06/25-01:47:03
master<->,2016/06/25-01:47:24
master<->,2016/06/25-04:32:55
master<->,2016/06/26-06:37:50
master<->,2016/06/26-06:39:12
master<->,2016/06/30-01:56:26
master<->,2016/07/01-01:23:47
master<->,2016/07/01-01:24:14
master<->,2016/07/01-01:28:01
master<->,2016/07/01-02:48:51
master<->,2016/07/01-02:50:13
master<->,2016/07/01-03:34:28
master<->,2016/07/05-03:35:19
master<->,2016/07/05-03:46:04
master<->,2016/07/05-04:16:29
master<->,2016/07/05-05:29:09
master<->,2016/07/05-05:31:39
master<->,2016/07/05-05:50:45
master<->,2016/07/05-10:42:22
master<->,2016/07/16-11:15:04
master<->,2016/07/16-11:15:21
master<->,2016/07/16-01:02:51
master<->,2016/07/16-01:05:40
master<->,2016/07/16-04:27:59
master<->,2016/07/16-04:28:42
master<->,2016/07/17-11:50:02
master<->,2016/07/17-11:50:43
master<->,2016/07/17-11:57:40
master<->,2016/07/17-04:20:50
master<->,2016/07/17-04:21:37
master<->,2016/07/17-04:26:00
master<->,2016/07/17-04:28:45
master<->,2016/07/17-04:31:33
master<->,2016/07/17-04:32:04
master<->,2016/07/17-04:34:52
master<->,2016/07/17-04:35:18
master<->,2016/07/17-04:41:46
master<->,2016/07/17-04:43:30
master<->,2016/07/17-04:46:25
master<->,2016/07/17-05:00:20
master<->,2016/07/29-09:13:32
master<->,2016/07/29-09:14:20
master<->,2016/07/29-09:30:59
master<->,2016/07/29-10:14:57
master<->,2016/07/29-10:16:57
master<->,2016/07/29-10:17:09
master<->,2016/07/29-10:18:41
master<->,2016/07/29-10:28:14
master<->,2016/07/29-10:36:18
master<->,2016/07/29-10:49:49
master<->,2016/07/30-01:57:28
master<->,2016/07/30-08:59:05
master<->,2016/07/30-09:03:27
master<->,2016/07/30-09:10:40
master<->,2016/07/30-09:21:04
master<->,2016/08/20-12:48:50
master<->,2016/08/20-02:46:01
master<->,2016/08/27-04:54:55
master<->,2016/08/27-04:55:22
master<->,2016/08/27-04:56:07
master<->,2016/08/27-05:05:46
master<->,2016/08/29-09:35:40
master<->,2016/08/29-10:45:30
master<->,2016/09/03-04:53:13
master<->,2016/09/03-04:54:15
master<->,2016/09/03-04:57:01
master<->,2016/09/03-10:40:15
master<->,2016/09/03-10:49:01
master<->,2016/09/03-11:12:04
master<->,2016/09/03-11:17:19
master<->,2016/09/03-11:17:51
master<->,2016/09/03-11:19:04
master<->,2016/09/03-11:20:26
master<->,2016/09/03-11:28:33
master<->,2016/09/03-11:30:49
master<->,2016/09/03-11:34:55
master<->,2016/09/03-11:36:55
master<->,2016/09/03-11:38:53
master<->,2016/09/03-11:39:28
master<->,2016/09/03-11:44:46
master<->,2016/09/03-11:46:20
master<->,2016/09/03-11:51:06
master<->,2016/09/03-11:56:08
master<->,2016/09/03-11:57:22
master<->,2016/09/03-11:58:08
master<->,2016/09/04-11:13:37
master<->,2016/09/04-01:38:12
master<->,2016/09/04-01:38:28
master<->,2016/09/04-03:06:50
master<->,2016/09/04-05:20:33
master<->,2016/09/04-05:32:35
master<->,2016/09/04-05:38:04
master<->,2016/09/04-06:15:06
master<->,2016/09/04-11:05:21
master<->,2016/09/04-11:28:01
master<->,2016/09/04-11:28:40
master<->,2016/09/04-11:40:59
master<->,2016/09/04-11:43:55
master<->,2016/09/04-11:47:28
master<->,2016/09/04-11:48:22
master<->,2016/09/04-11:49:17
master<->,2016/09/04-11:58:49
master<->,2016/09/05-12:04:50
master<->,2016/09/05-05:08:28
master<->,2016/09/05-05:22:01
master<->,2016/09/05-05:49:14
master<->,2016/09/05-08:38:25
master<->,2016/09/05-09:14:25
master<->,2016/09/05-09:21:34
master<->,2016/09/05-10:01:13
master<->,2016/09/05-10:18:34
master<->,2016/09/05-10:26:28
master<->,2016/09/05-10:32:49
master<->,2016/09/05-10:57:35
master<->,2016/09/05-11:14:52
master<->,2016/09/09-09:28:18
master<->,2016/09/09-10:13:22
master<->,2016/09/09-11:08:15
master<->,2016/09/09-11:11:24
master<->,2016/09/09-11:32:42
master<->,2016/09/10-12:56:53
master<->,2016/09/10-01:32:26
master<->,2016/09/10-02:11:59
master<->,2016/09/10-02:13:58
master<->,2016/09/10-02:28:07
master<->,2016/09/11-01:46:26
master<->,2016/09/11-02:27:11
master<->,2016/09/11-03:33:10
master<->,2016/09/11-03:37:26
master<->,2016/09/11-03:38:03
master<->,2016/09/11-03:43:12
master<->,2016/09/18-02:14:54
master<->,2016/09/18-02:57:17
master<->,2016/09/18-03:26:53
master<->,2016/09/18-03:43:43
master<->,2016/09/18-04:03:38
master<->,2016/09/18-04:45:30
master<->,2016/09/24-02:29:17
master<->,2016/09/24-05:29:42
master<->,2016/09/25-04:32:39
master<->,2016/09/25-04:41:52
master<->,2016/09/25-04:42:21
master<->,2016/09/25-04:43:23
master<->,2016/09/25-04:47:26
master<->,2016/09/28-12:11:01
master<->,2016/09/28-12:21:53
master<->,2016/09/28-12:59:41
master<->,2016/09/28-02:14:18
master<->,2016/09/28-04:34:15
master<->,2016/09/28-05:08:31
master<->,2016/09/28-05:09:49
master<->,2016/09/29-08:02:03
master<->,2016/09/30-06:18:53
master<->,2016/10/02-06:42:05
master<->,2016/10/02-06:51:22
master<->,2016/10/02-06:56:45
master<->,2016/10/04-09:52:19
master<->,2016/10/26-03:18:34
master<->,2016/10/26-03:36:25
master<->,2016/10/27-04:56:21
master<->,2016/10/27-08:03:06
master<->,2016/11/12-10:59:07
master<->,2016/11/13-07:02:40
master<->,2016/11/13-12:00:26
master<->,2016/11/13-12:02:51
master<->,2016/11/13-03:13:36
master<->,2016/11/13-04:57:13
master<->,2016/11/16-01:34:39
master<->,2016/11/22-09:53:57
master<->,2016/12/21-09:34:19
master<->,2016/12/21-10:21:40
master<->,2017/04/28-06:56:10
master<->,2017/04/28-12:01:26
master<->,2017/04/28-05:06:08
master<->,2017/04/28-05:13:09
master<->,2017/04/28-05:15:49
master<->,2017/04/28-05:16:00
master<->,2017/04/28-05:30:18
master<->,2017/04/28-07:02:13
master<->,2017/04/28-07:12:28
master<->,2017/06/05-08:21:19
master<->,2017/06/05-08:39:32
master<->,2017/08/03-10:10:01
master<->,2017/08/03-11:40:54
master<->,2017/08/03-11:56:36
master<->,2017/08/03-12:10:22
master<->,2017/08/04-05:14:14
master<->,2017/08/06-03:32:18
master<->,2017/08/07-06:33:44
master<->,2017/08/19-07:39:31
master<->,2017/08/19-08:22:33
master<->,2017/08/19-08:41:31
